<?xml version="1.0" encoding="UTF-8"?>
<project-private xmlns="http://www.netbeans.org/ns/project-private/1">
    <editor-bookmarks xmlns="http://www.netbeans.org/ns/editor-bookmarks/2" lastBookmarkId="0"/>
    <open-files xmlns="http://www.netbeans.org/ns/projectui-open-files/2">
        <group>
            <file>file:/D:/3ºANO/DSProjects/ProjetoWWWJL/NetBeansProject/Projeto_WWWJL/src/formulario/FormMenu.java</file>
            <file>file:/D:/3ºANO/DSProjects/ProjetoWWWJL/NetBeansProject/Projeto_WWWJL/src/formulario/FormProduto.java</file>
            <file>file:/D:/3ºANO/DSProjects/ProjetoWWWJL/NetBeansProject/Projeto_WWWJL/src/formulario/FormVenda.java</file>
            <file>file:/D:/3ºANO/DSProjects/ProjetoWWWJL/NetBeansProject/Projeto_WWWJL/src/formulario/FormFornecedor.java</file>
            <file>file:/D:/3ºANO/DSProjects/ProjetoWWWJL/NetBeansProject/Projeto_WWWJL/src/formulario/FormVendaProduto.java</file>
            <file>file:/D:/3ºANO/DSProjects/ProjetoWWWJL/NetBeansProject/Projeto_WWWJL/src/formulario/FormFuncionario.java</file>
            <file>file:/D:/3ºANO/DSProjects/ProjetoWWWJL/NetBeansProject/Projeto_WWWJL/src/formulario/FormCliente.java</file>
            <file>file:/D:/3ºANO/DSProjects/ProjetoWWWJL/NetBeansProject/Projeto_WWWJL/src/pesquisa/FormPesquisaCaix.java</file>
            <file>file:/D:/3ºANO/DSProjects/ProjetoWWWJL/NetBeansProject/Projeto_WWWJL/src/formulario/FormCaixa.java</file>
        </group>
    </open-files>
</project-private>
